41, 
"SOURCEBUS.1", 0.8178822743 , +j -4.636999108 ,-0.1305502545, +j 1.483326906  ,-0.1305502545, +j 1.483326906  ,-9.283352669 , +j 74.26682135  ,9.283352669  , +j -74.26682135 ,0            , +j 0            ,0            , +j 0            ,0            , +j 0            ,0            , +j 0            ,0            , +j 0            ,0            , +j 0            ,0            , +j 0            ,0            , +j 0            ,0            , +j 0            ,0            , +j 0            ,0            , +j 0            ,0            , +j 0            ,0            , +j 0            ,0            , +j 0            ,0            , +j 0            ,0            , +j 0            ,0            , +j 0            ,0            , +j 0            ,0            , +j 0            ,0            , +j 0            ,0            , +j 0            ,0            , +j 0            ,0            , +j 0            ,0            , +j 0            ,0            , +j 0            ,0            , +j 0            ,0            , +j 0            ,0            , +j 0            ,0            , +j 0            ,0            , +j 0            ,0            , +j 0            ,0            , +j 0            ,0            , +j 0            ,0            , +j 0            ,0            , +j 0            ,0            , +j 0            ,
"SOURCEBUS.2", -0.1305502545, +j 1.483326906  ,0.8178822743 , +j -4.636999108 ,-0.1305502545, +j 1.483326906  ,0            , +j 0            ,-9.283352669 , +j 74.26682135  ,9.283352669  , +j -74.26682135 ,0            , +j 0            ,0            , +j 0            ,0            , +j 0            ,0            , +j 0            ,0            , +j 0            ,0            , +j 0            ,0            , +j 0            ,0            , +j 0            ,0            , +j 0            ,0            , +j 0            ,0            , +j 0            ,0            , +j 0            ,0            , +j 0            ,0            , +j 0            ,0            , +j 0            ,0            , +j 0            ,0            , +j 0            ,0            , +j 0            ,0            , +j 0            ,0            , +j 0            ,0            , +j 0            ,0            , +j 0            ,0            , +j 0            ,0            , +j 0            ,0            , +j 0            ,0            , +j 0            ,0            , +j 0            ,0            , +j 0            ,0            , +j 0            ,0            , +j 0            ,0            , +j 0            ,0            , +j 0            ,0            , +j 0            ,0            , +j 0            ,0            , +j 0            ,
"SOURCEBUS.3", -0.1305502545, +j 1.483326906  ,-0.1305502545, +j 1.483326906  ,0.8178822743 , +j -4.636999108 ,9.283352669  , +j -74.26682135 ,0            , +j 0            ,-9.283352669 , +j 74.26682135  ,0            , +j 0            ,0            , +j 0            ,0            , +j 0            ,0            , +j 0            ,0            , +j 0            ,0            , +j 0            ,0            , +j 0            ,0            , +j 0            ,0            , +j 0            ,0            , +j 0            ,0            , +j 0            ,0            , +j 0            ,0            , +j 0            ,0            , +j 0            ,0            , +j 0            ,0            , +j 0            ,0            , +j 0            ,0            , +j 0            ,0            , +j 0            ,0            , +j 0            ,0            , +j 0            ,0            , +j 0            ,0            , +j 0            ,0            , +j 0            ,0            , +j 0            ,0            , +j 0            ,0            , +j 0            ,0            , +j 0            ,0            , +j 0            ,0            , +j 0            ,0            , +j 0            ,0            , +j 0            ,0            , +j 0            ,0            , +j 0            ,0            , +j 0            ,
"650.1", -9.283352669 , +j 74.26682135  ,0            , +j 0            ,9.283352669  , +j -74.26682135 ,1890.678735  , +j -5002.165991 ,0            , +j 0            ,0            , +j 0            ,-1369.165023 , +j 1369.165023  ,0            , +j 0            ,0            , +j 0            ,0            , +j 0            ,0            , +j 0            ,0            , +j 0            ,0            , +j 0            ,0            , +j 0            ,0            , +j 0            ,0            , +j 0            ,0            , +j 0            ,0            , +j 0            ,0            , +j 0            ,0            , +j 0            ,0            , +j 0            ,0            , +j 0            ,0            , +j 0            ,0            , +j 0            ,0            , +j 0            ,0            , +j 0            ,0            , +j 0            ,0            , +j 0            ,0            , +j 0            ,0            , +j 0            ,0            , +j 0            ,0            , +j 0            ,0            , +j 0            ,0            , +j 0            ,0            , +j 0            ,0            , +j 0            ,0            , +j 0            ,0            , +j 0            ,0            , +j 0            ,0            , +j 0            ,0            , +j 0            ,
"650.2", 9.283352669  , +j -74.26682135 ,-9.283352669 , +j 74.26682135  ,0            , +j 0            ,0            , +j 0            ,1890.678735  , +j -5002.165991 ,0            , +j 0            ,0            , +j 0            ,-1393.908969 , +j 1393.908969  ,0            , +j 0            ,0            , +j 0            ,0            , +j 0            ,0            , +j 0            ,0            , +j 0            ,0            , +j 0            ,0            , +j 0            ,0            , +j 0            ,0            , +j 0            ,0            , +j 0            ,0            , +j 0            ,0            , +j 0            ,0            , +j 0            ,0            , +j 0            ,0            , +j 0            ,0            , +j 0            ,0            , +j 0            ,0            , +j 0            ,0            , +j 0            ,0            , +j 0            ,0            , +j 0            ,0            , +j 0            ,0            , +j 0            ,0            , +j 0            ,0            , +j 0            ,0            , +j 0            ,0            , +j 0            ,0            , +j 0            ,0            , +j 0            ,0            , +j 0            ,0            , +j 0            ,0            , +j 0            ,0            , +j 0            ,
"650.3", 0            , +j 0            ,9.283352669  , +j -74.26682135 ,-9.283352669 , +j 74.26682135  ,0            , +j 0            ,0            , +j 0            ,1890.678735  , +j -5002.165991 ,0            , +j 0            ,0            , +j 0            ,-1369.165023 , +j 1369.165023  ,0            , +j 0            ,0            , +j 0            ,0            , +j 0            ,0            , +j 0            ,0            , +j 0            ,0            , +j 0            ,0            , +j 0            ,0            , +j 0            ,0            , +j 0            ,0            , +j 0            ,0            , +j 0            ,0            , +j 0            ,0            , +j 0            ,0            , +j 0            ,0            , +j 0            ,0            , +j 0            ,0            , +j 0            ,0            , +j 0            ,0            , +j 0            ,0            , +j 0            ,0            , +j 0            ,0            , +j 0            ,0            , +j 0            ,0            , +j 0            ,0            , +j 0            ,0            , +j 0            ,0            , +j 0            ,0            , +j 0            ,0            , +j 0            ,0            , +j 0            ,0            , +j 0            ,0            , +j 0            ,
"RG60.1", 0            , +j 0            ,0            , +j 0            ,0            , +j 0            ,-1369.165023 , +j 1369.165023  ,0            , +j 0            ,0            , +j 0            ,1297.396031  , +j -1299.55151  ,-0.485857546 , +j 1.220291231  ,-0.2660589098, +j 0.9122168083 ,0            , +j 0            ,0            , +j 0            ,0            , +j 0            ,0            , +j 0            ,0            , +j 0            ,0            , +j 0            ,0            , +j 0            ,0            , +j 0            ,0            , +j 0            ,0            , +j 0            ,0            , +j 0            ,0            , +j 0            ,0            , +j 0            ,0            , +j 0            ,0            , +j 0            ,0            , +j 0            ,0            , +j 0            ,0            , +j 0            ,0            , +j 0            ,0            , +j 0            ,0            , +j 0            ,0            , +j 0            ,-1.145122052 , +j 3.300600731  ,0.485857546  , +j -1.220291273 ,0.2660589098 , +j -0.9122168511,0            , +j 0            ,0            , +j 0            ,0            , +j 0            ,0            , +j 0            ,0            , +j 0            ,0            , +j 0            ,0            , +j 0            ,
"RG60.2", 0            , +j 0            ,0            , +j 0            ,0            , +j 0            ,0            , +j 0            ,-1393.908969 , +j 1393.908969  ,0            , +j 0            ,-0.485857546 , +j 1.220291231  ,1344.529428  , +j -1346.654362 ,-0.1263048312, +j 0.6967002366 ,0            , +j 0            ,0            , +j 0            ,0            , +j 0            ,0            , +j 0            ,0            , +j 0            ,0            , +j 0            ,0            , +j 0            ,0            , +j 0            ,0            , +j 0            ,0            , +j 0            ,0            , +j 0            ,0            , +j 0            ,0            , +j 0            ,0            , +j 0            ,0            , +j 0            ,0            , +j 0            ,0            , +j 0            ,0            , +j 0            ,0            , +j 0            ,0            , +j 0            ,0            , +j 0            ,0            , +j 0            ,0.485857546  , +j -1.220291273 ,-1.002711181 , +j 3.127645175  ,0.1263048312 , +j -0.6967002794,0            , +j 0            ,0            , +j 0            ,0            , +j 0            ,0            , +j 0            ,0            , +j 0            ,0            , +j 0            ,0            , +j 0            ,
"RG60.3", 0            , +j 0            ,0            , +j 0            ,0            , +j 0            ,0            , +j 0            ,0            , +j 0            ,-1369.165023 , +j 1369.165023  ,-0.2660589098, +j 0.9122168083 ,-0.1263048312, +j 0.6967002366 ,1297.137628  , +j -1299.201503 ,0            , +j 0            ,0            , +j 0            ,0            , +j 0            ,0            , +j 0            ,0            , +j 0            ,0            , +j 0            ,0            , +j 0            ,0            , +j 0            ,0            , +j 0            ,0            , +j 0            ,0            , +j 0            ,0            , +j 0            ,0            , +j 0            ,0            , +j 0            ,0            , +j 0            ,0            , +j 0            ,0            , +j 0            ,0            , +j 0            ,0            , +j 0            ,0            , +j 0            ,0            , +j 0            ,0            , +j 0            ,0.2660589098 , +j -0.9122168511,0.1263048312 , +j -0.6967002794,-0.8867184358, +j 2.950593758  ,0            , +j 0            ,0            , +j 0            ,0            , +j 0            ,0            , +j 0            ,0            , +j 0            ,0            , +j 0            ,0            , +j 0            ,
"633.1", 0            , +j 0            ,0            , +j 0            ,0            , +j 0            ,0            , +j 0            ,0            , +j 0            ,0            , +j 0            ,0            , +j 0            ,0            , +j 0            ,0            , +j 0            ,6.174634422  , +j -8.242931196 ,-1.495155595 , +j 1.50590911   ,-2.139479975 , +j 1.690117094  ,-5.286769772 , +j 9.612308677  ,0            , +j 0            ,0            , +j 0            ,0            , +j 0            ,0            , +j 0            ,0            , +j 0            ,0            , +j 0            ,0            , +j 0            ,0            , +j 0            ,0            , +j 0            ,0            , +j 0            ,0            , +j 0            ,0            , +j 0            ,0            , +j 0            ,0            , +j 0            ,0            , +j 0            ,0            , +j 0            ,0            , +j 0            ,0            , +j 0            ,-5.564622526 , +j 7.133818692  ,1.495155595  , +j -1.505909121 ,2.139479975  , +j -1.690117105 ,0            , +j 0            ,0            , +j 0            ,0            , +j 0            ,0            , +j 0            ,0            , +j 0            ,0            , +j 0            ,0            , +j 0            ,
"633.2", 0            , +j 0            ,0            , +j 0            ,0            , +j 0            ,0            , +j 0            ,0            , +j 0            ,0            , +j 0            ,0            , +j 0            ,0            , +j 0            ,0            , +j 0            ,-1.495155595 , +j 1.50590911   ,5.518553276  , +j -8.172535007 ,-1.088024006 , +j 1.382396698  ,0            , +j 0            ,-5.286769772 , +j 9.612308677  ,0            , +j 0            ,0            , +j 0            ,0            , +j 0            ,0            , +j 0            ,0            , +j 0            ,0            , +j 0            ,0            , +j 0            ,0            , +j 0            ,0            , +j 0            ,0            , +j 0            ,0            , +j 0            ,0            , +j 0            ,0            , +j 0            ,0            , +j 0            ,0            , +j 0            ,0            , +j 0            ,0            , +j 0            ,1.495155595  , +j -1.505909121 ,-4.908541379 , +j 7.063422502  ,1.088024006  , +j -1.382396708 ,0            , +j 0            ,0            , +j 0            ,0            , +j 0            ,0            , +j 0            ,0            , +j 0            ,0            , +j 0            ,0            , +j 0            ,
"633.3", 0            , +j 0            ,0            , +j 0            ,0            , +j 0            ,0            , +j 0            ,0            , +j 0            ,0            , +j 0            ,0            , +j 0            ,0            , +j 0            ,0            , +j 0            ,-2.139479975 , +j 1.690117094  ,-1.088024006 , +j 1.382396698  ,5.799215581  , +j -8.194725901 ,0            , +j 0            ,0            , +j 0            ,-5.286769772 , +j 9.612308677  ,0            , +j 0            ,0            , +j 0            ,0            , +j 0            ,0            , +j 0            ,0            , +j 0            ,0            , +j 0            ,0            , +j 0            ,0            , +j 0            ,0            , +j 0            ,0            , +j 0            ,0            , +j 0            ,0            , +j 0            ,0            , +j 0            ,0            , +j 0            ,0            , +j 0            ,0            , +j 0            ,2.139479975  , +j -1.690117105 ,1.088024006  , +j -1.382396708 ,-5.189203684 , +j 7.085613397  ,0            , +j 0            ,0            , +j 0            ,0            , +j 0            ,0            , +j 0            ,0            , +j 0            ,0            , +j 0            ,0            , +j 0            ,
"634.1", 0            , +j 0            ,0            , +j 0            ,0            , +j 0            ,0            , +j 0            ,0            , +j 0            ,0            , +j 0            ,0            , +j 0            ,0            , +j 0            ,0            , +j 0            ,-5.286769772 , +j 9.612308677  ,0            , +j 0            ,0            , +j 0            ,47.90393247  , +j -84.7402933  ,0            , +j 0            ,0            , +j 0            ,0            , +j 0            ,0            , +j 0            ,0            , +j 0            ,0            , +j 0            ,0            , +j 0            ,0            , +j 0            ,0            , +j 0            ,0            , +j 0            ,0            , +j 0            ,0            , +j 0            ,0            , +j 0            ,0            , +j 0            ,0            , +j 0            ,0            , +j 0            ,0            , +j 0            ,0            , +j 0            ,0            , +j 0            ,0            , +j 0            ,0            , +j 0            ,0            , +j 0            ,0            , +j 0            ,0            , +j 0            ,0            , +j 0            ,0            , +j 0            ,0            , +j 0            ,0            , +j 0            ,
"634.2", 0            , +j 0            ,0            , +j 0            ,0            , +j 0            ,0            , +j 0            ,0            , +j 0            ,0            , +j 0            ,0            , +j 0            ,0            , +j 0            ,0            , +j 0            ,0            , +j 0            ,-5.286769772 , +j 9.612308677  ,0            , +j 0            ,0            , +j 0            ,47.38261719  , +j -84.47963566 ,0            , +j 0            ,0            , +j 0            ,0            , +j 0            ,0            , +j 0            ,0            , +j 0            ,0            , +j 0            ,0            , +j 0            ,0            , +j 0            ,0            , +j 0            ,0            , +j 0            ,0            , +j 0            ,0            , +j 0            ,0            , +j 0            ,0            , +j 0            ,0            , +j 0            ,0            , +j 0            ,0            , +j 0            ,0            , +j 0            ,0            , +j 0            ,0            , +j 0            ,0            , +j 0            ,0            , +j 0            ,0            , +j 0            ,0            , +j 0            ,0            , +j 0            ,0            , +j 0            ,0            , +j 0            ,
"634.3", 0            , +j 0            ,0            , +j 0            ,0            , +j 0            ,0            , +j 0            ,0            , +j 0            ,0            , +j 0            ,0            , +j 0            ,0            , +j 0            ,0            , +j 0            ,0            , +j 0            ,0            , +j 0            ,-5.286769772 , +j 9.612308677  ,0            , +j 0            ,0            , +j 0            ,47.38261719  , +j -84.47963566 ,0            , +j 0            ,0            , +j 0            ,0            , +j 0            ,0            , +j 0            ,0            , +j 0            ,0            , +j 0            ,0            , +j 0            ,0            , +j 0            ,0            , +j 0            ,0            , +j 0            ,0            , +j 0            ,0            , +j 0            ,0            , +j 0            ,0            , +j 0            ,0            , +j 0            ,0            , +j 0            ,0            , +j 0            ,0            , +j 0            ,0            , +j 0            ,0            , +j 0            ,0            , +j 0            ,0            , +j 0            ,0            , +j 0            ,0            , +j 0            ,0            , +j 0            ,0            , +j 0            ,
"671.1", 0            , +j 0            ,0            , +j 0            ,0            , +j 0            ,0            , +j 0            ,0            , +j 0            ,0            , +j 0            ,0            , +j 0            ,0            , +j 0            ,0            , +j 0            ,0            , +j 0            ,0            , +j 0            ,0            , +j 0            ,0            , +j 0            ,0            , +j 0            ,0            , +j 0            ,10000011.23  , +j -18.2541879  ,-1.722930787 , +j 4.284189779  ,-3.361286635 , +j 4.205156434  ,0            , +j 0            ,0            , +j 0            ,0            , +j 0            ,0            , +j 0            ,-10000000    , +j 0            ,0            , +j 0            ,0            , +j 0            ,0            , +j 0            ,0            , +j 0            ,0            , +j 0            ,-1.718112607 , +j 4.952139131  ,0.7289685612 , +j -1.830894634 ,0.3991881618 , +j -1.368667444 ,0            , +j 0            ,0            , +j 0            ,0            , +j 0            ,-2.290244105 , +j 6.601201461  ,0.971715092  , +j -2.440582547 ,0.5321178197 , +j -1.824433702 ,0            , +j 0            ,0            , +j 0            ,-7.175068362 , +j 6.675422271  ,2.40773352   , +j -0.9993426967,
"671.2", 0            , +j 0            ,0            , +j 0            ,0            , +j 0            ,0            , +j 0            ,0            , +j 0            ,0            , +j 0            ,0            , +j 0            ,0            , +j 0            ,0            , +j 0            ,0            , +j 0            ,0            , +j 0            ,0            , +j 0            ,0            , +j 0            ,0            , +j 0            ,0            , +j 0            ,-1.722930787 , +j 4.284189779  ,10000003.55  , +j -10.97335634 ,-0.4643614191, +j 2.451424904  ,0            , +j 0            ,0            , +j 0            ,0            , +j 0            ,0            , +j 0            ,0            , +j 0            ,0            , +j 0            ,0            , +j 0            ,0            , +j 0            ,0            , +j 0            ,0            , +j 0            ,0.7289685612 , +j -1.830894634 ,-1.504442882 , +j 4.692640923  ,0.1895046229 , +j -1.045311747 ,0            , +j 0            ,0            , +j 0            ,0            , +j 0            ,0.971715092  , +j -2.440582547 ,-2.005422362 , +j 6.255290351  ,0.2526096623 , +j -1.393400559 ,0            , +j 0            ,-10000000    , +j 0            ,0            , +j 0            ,0            , +j 0            ,
"671.3", 0            , +j 0            ,0            , +j 0            ,0            , +j 0            ,0            , +j 0            ,0            , +j 0            ,0            , +j 0            ,0            , +j 0            ,0            , +j 0            ,0            , +j 0            ,0            , +j 0            ,0            , +j 0            ,0            , +j 0            ,0            , +j 0            ,0            , +j 0            ,0            , +j 0            ,-3.361286635 , +j 4.205156434  ,-0.4643614191, +j 2.451424904  ,10000010.37  , +j -16.99855338 ,0            , +j 0            ,0            , +j 0            ,0            , +j 0            ,-10000000    , +j 0            ,0            , +j 0            ,0            , +j 0            ,0            , +j 0            ,0            , +j 0            ,0            , +j 0            ,0            , +j 0            ,0.3991881618 , +j -1.368667444 ,0.1895046229 , +j -1.045311747 ,-1.330410256 , +j 4.426997387  ,0            , +j 0            ,0            , +j 0            ,0            , +j 0            ,0.5321178197 , +j -1.824433702 ,0.2526096623 , +j -1.393400559 ,-1.773436872 , +j 5.901187516  ,0            , +j 0            ,0            , +j 0            ,2.40773352   , +j -0.9993426967,-7.224938067 , +j 6.644943442  ,
"645.2", 0            , +j 0            ,0            , +j 0            ,0            , +j 0            ,0            , +j 0            ,0            , +j 0            ,0            , +j 0            ,0            , +j 0            ,0            , +j 0            ,0            , +j 0            ,0            , +j 0            ,0            , +j 0            ,0            , +j 0            ,0            , +j 0            ,0            , +j 0            ,0            , +j 0            ,0            , +j 0            ,0            , +j 0            ,0            , +j 0            ,11.5894148   , +j -10.65361082 ,-7.224938067 , +j 6.644943442  ,2.40773352   , +j -0.9993426967,0            , +j 0            ,0            , +j 0            ,0            , +j 0            ,0            , +j 0            ,0            , +j 0            ,0            , +j 0            ,0            , +j 0            ,0            , +j 0            ,0            , +j 0            ,0            , +j 0            ,0            , +j 0            ,-4.33496284  , +j 3.986966065  ,1.444640112  , +j -0.599605618 ,0            , +j 0            ,0            , +j 0            ,0            , +j 0            ,-3.852373632 , +j 1.598948298  ,0            , +j 0            ,0            , +j 0            ,0            , +j 0            ,
"646.2", 0            , +j 0            ,0            , +j 0            ,0            , +j 0            ,0            , +j 0            ,0            , +j 0            ,0            , +j 0            ,0            , +j 0            ,0            , +j 0            ,0            , +j 0            ,0            , +j 0            ,0            , +j 0            ,0            , +j 0            ,0            , +j 0            ,0            , +j 0            ,0            , +j 0            ,0            , +j 0            ,0            , +j 0            ,0            , +j 0            ,-7.224938067 , +j 6.644943442  ,7.238228563  , +j -6.652571001 ,-2.421024016 , +j 1.006970279  ,0            , +j 0            ,0            , +j 0            ,0            , +j 0            ,0            , +j 0            ,0            , +j 0            ,0            , +j 0            ,0            , +j 0            ,0            , +j 0            ,0            , +j 0            ,0            , +j 0            ,0            , +j 0            ,0            , +j 0            ,0            , +j 0            ,0            , +j 0            ,0            , +j 0            ,0            , +j 0            ,2.40773352   , +j -0.9993426967,0            , +j 0            ,0            , +j 0            ,0            , +j 0            ,
"646.3", 0            , +j 0            ,0            , +j 0            ,0            , +j 0            ,0            , +j 0            ,0            , +j 0            ,0            , +j 0            ,0            , +j 0            ,0            , +j 0            ,0            , +j 0            ,0            , +j 0            ,0            , +j 0            ,0            , +j 0            ,0            , +j 0            ,0            , +j 0            ,0            , +j 0            ,0            , +j 0            ,0            , +j 0            ,0            , +j 0            ,2.40773352   , +j -0.9993426967,-2.421024016 , +j 1.006970279  ,7.188358858  , +j -6.68304983  ,0            , +j 0            ,0            , +j 0            ,0            , +j 0            ,0            , +j 0            ,0            , +j 0            ,0            , +j 0            ,0            , +j 0            ,0            , +j 0            ,0            , +j 0            ,0            , +j 0            ,0            , +j 0            ,0            , +j 0            ,0            , +j 0            ,0            , +j 0            ,0            , +j 0            ,0            , +j 0            ,-7.175068362 , +j 6.675422271  ,0            , +j 0            ,0            , +j 0            ,0            , +j 0            ,
"692.3", 0            , +j 0            ,0            , +j 0            ,0            , +j 0            ,0            , +j 0            ,0            , +j 0            ,0            , +j 0            ,0            , +j 0            ,0            , +j 0            ,0            , +j 0            ,0            , +j 0            ,0            , +j 0            ,0            , +j 0            ,0            , +j 0            ,0            , +j 0            ,0            , +j 0            ,0            , +j 0            ,0            , +j 0            ,-10000000    , +j 0            ,0            , +j 0            ,0            , +j 0            ,0            , +j 0            ,10000010.42  , +j -7.845286492 ,-1.090774745 , +j 2.501319613  ,1.080951335  , +j -2.492594114 ,2.428601676  , +j -3.07939529  ,-10.41276737 , +j 7.836567847  ,0            , +j 0            ,0            , +j 0            ,0            , +j 0            ,0            , +j 0            ,0            , +j 0            ,0            , +j 0            ,0            , +j 0            ,0            , +j 0            ,0            , +j 0            ,0            , +j 0            ,0            , +j 0            ,0            , +j 0            ,-2.428601676 , +j 3.07939529   ,0            , +j 0            ,0            , +j 0            ,
"692.1", 0            , +j 0            ,0            , +j 0            ,0            , +j 0            ,0            , +j 0            ,0            , +j 0            ,0            , +j 0            ,0            , +j 0            ,0            , +j 0            ,0            , +j 0            ,0            , +j 0            ,0            , +j 0            ,0            , +j 0            ,0            , +j 0            ,0            , +j 0            ,0            , +j 0            ,-10000000    , +j 0            ,0            , +j 0            ,0            , +j 0            ,0            , +j 0            ,0            , +j 0            ,0            , +j 0            ,-1.090774745 , +j 2.501319613  ,10000010.42  , +j -7.845286492 ,-10.41276737 , +j 7.836567847  ,2.428601676  , +j -3.07939529  ,1.080951335  , +j -2.492594114 ,0            , +j 0            ,0            , +j 0            ,0            , +j 0            ,0            , +j 0            ,0            , +j 0            ,0            , +j 0            ,0            , +j 0            ,0            , +j 0            ,0            , +j 0            ,0            , +j 0            ,0            , +j 0            ,0            , +j 0            ,-2.428601676 , +j 3.07939529   ,0            , +j 0            ,0            , +j 0            ,
"675.1", 0            , +j 0            ,0            , +j 0            ,0            , +j 0            ,0            , +j 0            ,0            , +j 0            ,0            , +j 0            ,0            , +j 0            ,0            , +j 0            ,0            , +j 0            ,0            , +j 0            ,0            , +j 0            ,0            , +j 0            ,0            , +j 0            ,0            , +j 0            ,0            , +j 0            ,0            , +j 0            ,0            , +j 0            ,0            , +j 0            ,0            , +j 0            ,0            , +j 0            ,0            , +j 0            ,1.080951335  , +j -2.492594114 ,-10.41276737 , +j 7.836567847  ,10.49696876  , +j -7.834876246 ,-2.428601676 , +j 3.07939529   ,-1.080951335 , +j 2.492594114  ,0            , +j 0            ,0            , +j 0            ,0            , +j 0            ,0            , +j 0            ,0            , +j 0            ,0            , +j 0            ,0            , +j 0            ,0            , +j 0            ,0            , +j 0            ,0            , +j 0            ,0            , +j 0            ,0            , +j 0            ,2.428601676  , +j -3.07939529  ,0            , +j 0            ,0            , +j 0            ,
"675.2", 0            , +j 0            ,0            , +j 0            ,0            , +j 0            ,0            , +j 0            ,0            , +j 0            ,0            , +j 0            ,0            , +j 0            ,0            , +j 0            ,0            , +j 0            ,0            , +j 0            ,0            , +j 0            ,0            , +j 0            ,0            , +j 0            ,0            , +j 0            ,0            , +j 0            ,0            , +j 0            ,0            , +j 0            ,0            , +j 0            ,0            , +j 0            ,0            , +j 0            ,0            , +j 0            ,2.428601676  , +j -3.07939529  ,2.428601676  , +j -3.07939529  ,-2.428601676 , +j 3.07939529   ,11.55855071  , +j -8.173178351 ,-2.428601676 , +j 3.07939529   ,0            , +j 0            ,0            , +j 0            ,0            , +j 0            ,0            , +j 0            ,0            , +j 0            ,0            , +j 0            ,0            , +j 0            ,0            , +j 0            ,0            , +j 0            ,0            , +j 0            ,0            , +j 0            ,0            , +j 0            ,-11.54674516 , +j 8.197439395  ,0            , +j 0            ,0            , +j 0            ,
"675.3", 0            , +j 0            ,0            , +j 0            ,0            , +j 0            ,0            , +j 0            ,0            , +j 0            ,0            , +j 0            ,0            , +j 0            ,0            , +j 0            ,0            , +j 0            ,0            , +j 0            ,0            , +j 0            ,0            , +j 0            ,0            , +j 0            ,0            , +j 0            ,0            , +j 0            ,0            , +j 0            ,0            , +j 0            ,0            , +j 0            ,0            , +j 0            ,0            , +j 0            ,0            , +j 0            ,-10.41276737 , +j 7.836567847  ,1.080951335  , +j -2.492594114 ,-1.080951335 , +j 2.492594114  ,-2.428601676 , +j 3.07939529   ,10.46311459  , +j -7.838695691 ,0            , +j 0            ,0            , +j 0            ,0            , +j 0            ,0            , +j 0            ,0            , +j 0            ,0            , +j 0            ,0            , +j 0            ,0            , +j 0            ,0            , +j 0            ,0            , +j 0            ,0            , +j 0            ,0            , +j 0            ,2.428601676  , +j -3.07939529  ,0            , +j 0            ,0            , +j 0            ,
"611.3", 0            , +j 0            ,0            , +j 0            ,0            , +j 0            ,0            , +j 0            ,0            , +j 0            ,0            , +j 0            ,0            , +j 0            ,0            , +j 0            ,0            , +j 0            ,0            , +j 0            ,0            , +j 0            ,0            , +j 0            ,0            , +j 0            ,0            , +j 0            ,0            , +j 0            ,0            , +j 0            ,0            , +j 0            ,0            , +j 0            ,0            , +j 0            ,0            , +j 0            ,0            , +j 0            ,0            , +j 0            ,0            , +j 0            ,0            , +j 0            ,0            , +j 0            ,0            , +j 0            ,6.559515661  , +j -6.616432493 ,0            , +j 0            ,0            , +j 0            ,0            , +j 0            ,0            , +j 0            ,0            , +j 0            ,0            , +j 0            ,0            , +j 0            ,0            , +j 0            ,0            , +j 0            ,0            , +j 0            ,0            , +j 0            ,0            , +j 0            ,0            , +j 0            ,-6.530001772 , +j 6.619904746  ,
"652.1", 0            , +j 0            ,0            , +j 0            ,0            , +j 0            ,0            , +j 0            ,0            , +j 0            ,0            , +j 0            ,0            , +j 0            ,0            , +j 0            ,0            , +j 0            ,0            , +j 0            ,0            , +j 0            ,0            , +j 0            ,0            , +j 0            ,0            , +j 0            ,0            , +j 0            ,0            , +j 0            ,0            , +j 0            ,0            , +j 0            ,0            , +j 0            ,0            , +j 0            ,0            , +j 0            ,0            , +j 0            ,0            , +j 0            ,0            , +j 0            ,0            , +j 0            ,0            , +j 0            ,0            , +j 0            ,4.313312154  , +j -1.65272976  ,0            , +j 0            ,0            , +j 0            ,0            , +j 0            ,0            , +j 0            ,0            , +j 0            ,0            , +j 0            ,0            , +j 0            ,0            , +j 0            ,0            , +j 0            ,0            , +j 0            ,0            , +j 0            ,-4.291089932 , +j 1.637805945  ,0            , +j 0            ,
"670.1", 0            , +j 0            ,0            , +j 0            ,0            , +j 0            ,0            , +j 0            ,0            , +j 0            ,0            , +j 0            ,0            , +j 0            ,0            , +j 0            ,0            , +j 0            ,0            , +j 0            ,0            , +j 0            ,0            , +j 0            ,0            , +j 0            ,0            , +j 0            ,0            , +j 0            ,-1.718112607 , +j 4.952139131  ,0.7289685612 , +j -1.830894634 ,0.3991881618 , +j -1.368667444 ,0            , +j 0            ,0            , +j 0            ,0            , +j 0            ,0            , +j 0            ,0            , +j 0            ,0            , +j 0            ,0            , +j 0            ,0            , +j 0            ,0            , +j 0            ,0            , +j 0            ,5.154713328  , +j -14.85072881 ,-2.185812777 , +j 5.489938889  ,-1.196966002 , +j 4.103950313  ,-3.433649332 , +j 9.896853765  ,1.456844216  , +j -3.659044298 ,0.7977778406 , +j -2.735282912 ,0            , +j 0            ,0            , +j 0            ,0            , +j 0            ,0            , +j 0            ,0            , +j 0            ,0            , +j 0            ,0            , +j 0            ,
"670.2", 0            , +j 0            ,0            , +j 0            ,0            , +j 0            ,0            , +j 0            ,0            , +j 0            ,0            , +j 0            ,0            , +j 0            ,0            , +j 0            ,0            , +j 0            ,0            , +j 0            ,0            , +j 0            ,0            , +j 0            ,0            , +j 0            ,0            , +j 0            ,0            , +j 0            ,0.7289685612 , +j -1.830894634 ,-1.504442882 , +j 4.692640923  ,0.1895046229 , +j -1.045311747 ,0            , +j 0            ,0            , +j 0            ,0            , +j 0            ,0            , +j 0            ,0            , +j 0            ,0            , +j 0            ,0            , +j 0            ,0            , +j 0            ,0            , +j 0            ,0            , +j 0            ,-2.185812777 , +j 5.489938889  ,4.522531443  , +j -14.07748435 ,-0.5682297538, +j 3.134368014  ,1.456844216  , +j -3.659044298 ,-3.006630228 , +j 9.378246403  ,0.3787251309 , +j -2.08905631  ,0            , +j 0            ,0            , +j 0            ,0            , +j 0            ,0            , +j 0            ,0            , +j 0            ,0            , +j 0            ,0            , +j 0            ,
"670.3", 0            , +j 0            ,0            , +j 0            ,0            , +j 0            ,0            , +j 0            ,0            , +j 0            ,0            , +j 0            ,0            , +j 0            ,0            , +j 0            ,0            , +j 0            ,0            , +j 0            ,0            , +j 0            ,0            , +j 0            ,0            , +j 0            ,0            , +j 0            ,0            , +j 0            ,0.3991881618 , +j -1.368667444 ,0.1895046229 , +j -1.045311747 ,-1.330410256 , +j 4.426997387  ,0            , +j 0            ,0            , +j 0            ,0            , +j 0            ,0            , +j 0            ,0            , +j 0            ,0            , +j 0            ,0            , +j 0            ,0            , +j 0            ,0            , +j 0            ,0            , +j 0            ,-1.196966002 , +j 4.103950313  ,-0.5682297538, +j 3.134368014  ,4.009548651  , +j -13.28616034 ,0.7977778406 , +j -2.735282912 ,0.3787251309 , +j -2.08905631  ,-2.658825895 , +j 8.847357596  ,0            , +j 0            ,0            , +j 0            ,0            , +j 0            ,0            , +j 0            ,0            , +j 0            ,0            , +j 0            ,0            , +j 0            ,
"632.1", 0            , +j 0            ,0            , +j 0            ,0            , +j 0            ,0            , +j 0            ,0            , +j 0            ,0            , +j 0            ,-1.145122052 , +j 3.300600731  ,0.485857546  , +j -1.220291273 ,0.2660589098 , +j -0.9122168511,-5.564622526 , +j 7.133818692  ,1.495155595  , +j -1.505909121 ,2.139479975  , +j -1.690117105 ,0            , +j 0            ,0            , +j 0            ,0            , +j 0            ,0            , +j 0            ,0            , +j 0            ,0            , +j 0            ,0            , +j 0            ,0            , +j 0            ,0            , +j 0            ,0            , +j 0            ,0            , +j 0            ,0            , +j 0            ,0            , +j 0            ,0            , +j 0            ,0            , +j 0            ,0            , +j 0            ,-3.433649332 , +j 9.896853765  ,1.456844216  , +j -3.659044298 ,0.7977778406 , +j -2.735282912 ,10.14339391  , +j -20.33127287 ,-3.437857357 , +j 6.385244625  ,-3.203316726 , +j 5.3376168    ,0            , +j 0            ,0            , +j 0            ,0            , +j 0            ,0            , +j 0            ,0            , +j 0            ,0            , +j 0            ,0            , +j 0            ,
"632.2", 0            , +j 0            ,0            , +j 0            ,0            , +j 0            ,0            , +j 0            ,0            , +j 0            ,0            , +j 0            ,0.485857546  , +j -1.220291273 ,-1.002711181 , +j 3.127645175  ,0.1263048312 , +j -0.6967002794,1.495155595  , +j -1.505909121 ,-4.908541379 , +j 7.063422502  ,1.088024006  , +j -1.382396708 ,0            , +j 0            ,0            , +j 0            ,0            , +j 0            ,0            , +j 0            ,0            , +j 0            ,0            , +j 0            ,-4.33496284  , +j 3.986966065  ,0            , +j 0            ,0            , +j 0            ,0            , +j 0            ,0            , +j 0            ,0            , +j 0            ,0            , +j 0            ,0            , +j 0            ,0            , +j 0            ,0            , +j 0            ,1.456844216  , +j -3.659044298 ,-3.006630228 , +j 9.378246403  ,0.3787251309 , +j -2.08905631  ,-3.437857357 , +j 6.385244625  ,13.25284563  , +j -23.55627978 ,-3.03769408  , +j 4.767758838  ,0            , +j 0            ,0            , +j 0            ,0            , +j 0            ,1.444640112  , +j -0.599605618 ,0            , +j 0            ,0            , +j 0            ,0            , +j 0            ,
"632.3", 0            , +j 0            ,0            , +j 0            ,0            , +j 0            ,0            , +j 0            ,0            , +j 0            ,0            , +j 0            ,0.2660589098 , +j -0.9122168511,0.1263048312 , +j -0.6967002794,-0.8867184358, +j 2.950593758  ,2.139479975  , +j -1.690117105 ,1.088024006  , +j -1.382396708 ,-5.189203684 , +j 7.085613397  ,0            , +j 0            ,0            , +j 0            ,0            , +j 0            ,0            , +j 0            ,0            , +j 0            ,0            , +j 0            ,1.444640112  , +j -0.599605618 ,0            , +j 0            ,0            , +j 0            ,0            , +j 0            ,0            , +j 0            ,0            , +j 0            ,0            , +j 0            ,0            , +j 0            ,0            , +j 0            ,0            , +j 0            ,0.7977778406 , +j -2.735282912 ,0.3787251309 , +j -2.08905631  ,-2.658825895 , +j 8.847357596  ,-3.203316726 , +j 5.3376168    ,-3.03769408  , +j 4.767758838  ,13.03978903  , +j -22.88881775 ,0            , +j 0            ,0            , +j 0            ,0            , +j 0            ,-4.305041017 , +j 4.005253363  ,0            , +j 0            ,0            , +j 0            ,0            , +j 0            ,
"680.1", 0            , +j 0            ,0            , +j 0            ,0            , +j 0            ,0            , +j 0            ,0            , +j 0            ,0            , +j 0            ,0            , +j 0            ,0            , +j 0            ,0            , +j 0            ,0            , +j 0            ,0            , +j 0            ,0            , +j 0            ,0            , +j 0            ,0            , +j 0            ,0            , +j 0            ,-2.290244105 , +j 6.601201461  ,0.971715092  , +j -2.440582547 ,0.5321178197 , +j -1.824433702 ,0            , +j 0            ,0            , +j 0            ,0            , +j 0            ,0            , +j 0            ,0            , +j 0            ,0            , +j 0            ,0            , +j 0            ,0            , +j 0            ,0            , +j 0            ,0            , +j 0            ,0            , +j 0            ,0            , +j 0            ,0            , +j 0            ,0            , +j 0            ,0            , +j 0            ,0            , +j 0            ,2.290244105  , +j -6.601201362 ,-0.971715092 , +j 2.440582526  ,-0.5321178197, +j 1.824433681  ,0            , +j 0            ,0            , +j 0            ,0            , +j 0            ,0            , +j 0            ,
"680.2", 0            , +j 0            ,0            , +j 0            ,0            , +j 0            ,0            , +j 0            ,0            , +j 0            ,0            , +j 0            ,0            , +j 0            ,0            , +j 0            ,0            , +j 0            ,0            , +j 0            ,0            , +j 0            ,0            , +j 0            ,0            , +j 0            ,0            , +j 0            ,0            , +j 0            ,0.971715092  , +j -2.440582547 ,-2.005422362 , +j 6.255290351  ,0.2526096623 , +j -1.393400559 ,0            , +j 0            ,0            , +j 0            ,0            , +j 0            ,0            , +j 0            ,0            , +j 0            ,0            , +j 0            ,0            , +j 0            ,0            , +j 0            ,0            , +j 0            ,0            , +j 0            ,0            , +j 0            ,0            , +j 0            ,0            , +j 0            ,0            , +j 0            ,0            , +j 0            ,0            , +j 0            ,-0.971715092 , +j 2.440582526  ,2.005422362  , +j -6.255290251 ,-0.2526096623, +j 1.393400537  ,0            , +j 0            ,0            , +j 0            ,0            , +j 0            ,0            , +j 0            ,
"680.3", 0            , +j 0            ,0            , +j 0            ,0            , +j 0            ,0            , +j 0            ,0            , +j 0            ,0            , +j 0            ,0            , +j 0            ,0            , +j 0            ,0            , +j 0            ,0            , +j 0            ,0            , +j 0            ,0            , +j 0            ,0            , +j 0            ,0            , +j 0            ,0            , +j 0            ,0.5321178197 , +j -1.824433702 ,0.2526096623 , +j -1.393400559 ,-1.773436872 , +j 5.901187516  ,0            , +j 0            ,0            , +j 0            ,0            , +j 0            ,0            , +j 0            ,0            , +j 0            ,0            , +j 0            ,0            , +j 0            ,0            , +j 0            ,0            , +j 0            ,0            , +j 0            ,0            , +j 0            ,0            , +j 0            ,0            , +j 0            ,0            , +j 0            ,0            , +j 0            ,0            , +j 0            ,-0.5321178197, +j 1.824433681  ,-0.2526096623, +j 1.393400537  ,1.773436872  , +j -5.901187417 ,0            , +j 0            ,0            , +j 0            ,0            , +j 0            ,0            , +j 0            ,
"645.3", 0            , +j 0            ,0            , +j 0            ,0            , +j 0            ,0            , +j 0            ,0            , +j 0            ,0            , +j 0            ,0            , +j 0            ,0            , +j 0            ,0            , +j 0            ,0            , +j 0            ,0            , +j 0            ,0            , +j 0            ,0            , +j 0            ,0            , +j 0            ,0            , +j 0            ,0            , +j 0            ,0            , +j 0            ,0            , +j 0            ,-3.852373632 , +j 1.598948298  ,2.40773352   , +j -0.9993426967,-7.175068362 , +j 6.675422271  ,0            , +j 0            ,0            , +j 0            ,0            , +j 0            ,0            , +j 0            ,0            , +j 0            ,0            , +j 0            ,0            , +j 0            ,0            , +j 0            ,0            , +j 0            ,0            , +j 0            ,0            , +j 0            ,1.444640112  , +j -0.599605618 ,-4.305041017 , +j 4.005253363  ,0            , +j 0            ,0            , +j 0            ,0            , +j 0            ,11.48010938  , +j -10.68067555 ,0            , +j 0            ,0            , +j 0            ,0            , +j 0            ,
"692.2", 0            , +j 0            ,0            , +j 0            ,0            , +j 0            ,0            , +j 0            ,0            , +j 0            ,0            , +j 0            ,0            , +j 0            ,0            , +j 0            ,0            , +j 0            ,0            , +j 0            ,0            , +j 0            ,0            , +j 0            ,0            , +j 0            ,0            , +j 0            ,0            , +j 0            ,0            , +j 0            ,-10000000    , +j 0            ,0            , +j 0            ,0            , +j 0            ,0            , +j 0            ,0            , +j 0            ,-2.428601676 , +j 3.07939529   ,-2.428601676 , +j 3.07939529   ,2.428601676  , +j -3.07939529  ,-11.54674516 , +j 8.197439395  ,2.428601676  , +j -3.07939529  ,0            , +j 0            ,0            , +j 0            ,0            , +j 0            ,0            , +j 0            ,0            , +j 0            ,0            , +j 0            ,0            , +j 0            ,0            , +j 0            ,0            , +j 0            ,0            , +j 0            ,0            , +j 0            ,0            , +j 0            ,10000011.55  , +j -8.197432542 ,0            , +j 0            ,0            , +j 0            ,
"684.1", 0            , +j 0            ,0            , +j 0            ,0            , +j 0            ,0            , +j 0            ,0            , +j 0            ,0            , +j 0            ,0            , +j 0            ,0            , +j 0            ,0            , +j 0            ,0            , +j 0            ,0            , +j 0            ,0            , +j 0            ,0            , +j 0            ,0            , +j 0            ,0            , +j 0            ,-7.175068362 , +j 6.675422271  ,0            , +j 0            ,2.40773352   , +j -0.9993426967,0            , +j 0            ,0            , +j 0            ,0            , +j 0            ,0            , +j 0            ,0            , +j 0            ,0            , +j 0            ,0            , +j 0            ,0            , +j 0            ,0            , +j 0            ,-4.291089932 , +j 1.637805945  ,0            , +j 0            ,0            , +j 0            ,0            , +j 0            ,0            , +j 0            ,0            , +j 0            ,0            , +j 0            ,0            , +j 0            ,0            , +j 0            ,0            , +j 0            ,0            , +j 0            ,0            , +j 0            ,11.46615829  , +j -8.313221446 ,-2.40773352  , +j 0.9993426903 ,
"684.3", 0            , +j 0            ,0            , +j 0            ,0            , +j 0            ,0            , +j 0            ,0            , +j 0            ,0            , +j 0            ,0            , +j 0            ,0            , +j 0            ,0            , +j 0            ,0            , +j 0            ,0            , +j 0            ,0            , +j 0            ,0            , +j 0            ,0            , +j 0            ,0            , +j 0            ,2.40773352   , +j -0.9993426967,0            , +j 0            ,-7.224938067 , +j 6.644943442  ,0            , +j 0            ,0            , +j 0            ,0            , +j 0            ,0            , +j 0            ,0            , +j 0            ,0            , +j 0            ,0            , +j 0            ,0            , +j 0            ,-6.530001772 , +j 6.619904746  ,0            , +j 0            ,0            , +j 0            ,0            , +j 0            ,0            , +j 0            ,0            , +j 0            ,0            , +j 0            ,0            , +j 0            ,0            , +j 0            ,0            , +j 0            ,0            , +j 0            ,0            , +j 0            ,0            , +j 0            ,-2.40773352  , +j 0.9993426903 ,13.75493984  , +j -13.26484813 ,
